"","date","name","id","value"
"1",2008-01-31,"bud","1",-0.25
"2",2008-02-29,"bud","1",-0.09
"3",2008-03-31,"bud","1",-0.03
"4",2008-04-30,"bud","1",0.58
"5",2008-05-31,"bud","1",-0.48
"6",2008-06-30,"bud","1",-0.01
"7",2008-07-31,"bud","1",0.67
"8",2008-08-31,"bud","1",-0.58
"9",2008-09-30,"bud","1",0.03
"10",2008-10-31,"bud","1",0.22
"11",2008-11-30,"bud","1",-0.5
"12",2008-12-31,"bud","1",0.07
"13",2009-01-31,"bud","1",0.23
"14",2009-02-28,"bud","1",-0.54
"15",2009-03-31,"bud","1",0.13
"16",2009-04-30,"bud","1",-0.05
"17",2009-05-31,"bud","1",-0.15
"18",2009-06-30,"bud","1",0.23
"19",2009-07-31,"bud","1",0.18
"20",2009-08-31,"bud","1",0.28
"21",2009-09-30,"bud","1",-0.1
"22",2009-10-31,"bud","1",-0.12
"23",2009-11-30,"bud","1",-0.02
"24",2009-12-31,"bud","1",0.3
"25",2010-01-31,"bud","1",-0.19
"26",2010-02-28,"bud","1",-0.26
"27",2010-03-31,"bud","1",0.12
"28",2010-04-30,"bud","1",0.03
"29",2010-05-31,"bud","1",-0.14
"30",2010-06-30,"bud","1",0.33
"31",2010-07-31,"bud","1",-0.19
"32",2010-08-31,"bud","1",-0.03
"33",2010-09-30,"bud","1",0.1
"34",2010-10-31,"bud","1",0.01
"35",2010-11-30,"bud","1",0
"36",2010-12-31,"bud","1",0.21
"37",2011-01-31,"bud","1",-0.08
"38",2011-02-28,"bud","1",-0.14
"39",2011-03-31,"bud","1",0.24
"40",2011-04-30,"bud","1",0.07
"41",2011-05-31,"bud","1",-0.1
"42",2011-06-30,"bud","1",0.25
"43",2011-07-31,"bud","1",-0.18
"44",2011-08-31,"bud","1",0.06
"45",2011-09-30,"bud","1",0.01
"46",2011-10-31,"bud","1",0.03
"47",2011-11-30,"bud","1",-0.11
"48",2011-12-31,"bud","1",0.26
"49",2012-01-31,"bud","1",-0.13
"50",2012-02-29,"bud","1",-0.27
"51",2012-03-31,"bud","1",0.31
"52",2012-04-30,"bud","1",-0.01
"53",2012-05-31,"bud","1",-0.06
"54",2012-06-30,"bud","1",0.09
"55",2012-07-31,"bud","1",-0.07
"56",2012-08-31,"bud","1",0.06
"57",2012-09-30,"bud","1",-0.07
"58",2012-10-31,"bud","1",0.03
"59",2012-11-30,"bud","1",-0.12
"60",2012-12-31,"bud","1",0.42
"61",2013-01-31,"bud","1",-0.28
"62",2013-02-28,"bud","1",-0.21
"63",2013-03-31,"bud","1",0.24
"64",2013-04-30,"bud","1",0
"65",2013-05-31,"bud","1",-0.23
"66",2013-06-30,"bud","1",0.25
"67",2013-07-31,"bud","1",-0.06
"68",2013-08-31,"bud","1",0.01
"69",2013-09-30,"bud","1",0.09
"70",2013-10-31,"bud","1",-0.04
"71",2013-11-30,"bud","1",-0.11
"72",2013-12-31,"bud","1",0.21
"73",2014-01-31,"bud","1",0.05
"74",2014-02-28,"bud","1",-0.24
"75",2014-03-31,"bud","1",0.1
"76",2014-04-30,"bud","1",0.07
"77",2014-05-31,"bud","1",-0.09
"78",2014-06-30,"bud","1",0.09
"79",2014-07-31,"bud","1",-0.09
"80",2014-08-31,"bud","1",0.04
"81",2014-09-30,"bud","1",0.06
"82",2014-10-31,"bud","1",-0.05
"83",2014-11-30,"bud","1",-0.12
"84",2014-12-31,"bud","1",0.38
"85",2015-01-31,"bud","1",-0.15
"86",2015-02-28,"bud","1",-0.33
"87",2015-03-31,"bud","1",0.19
"88",2015-04-30,"bud","1",-0.04
"89",2015-05-31,"bud","1",-0.32
"90",2015-06-30,"bud","1",0.44
"91",2015-07-31,"bud","1",-0.07
"92",2015-08-31,"bud","1",-0.01
"93",2015-09-30,"bud","1",0.02
"94",2015-10-31,"bud","1",0.01
"95",2015-11-30,"bud","1",-0.35
"96",2015-12-31,"bud","1",0.57
"97",2016-01-31,"bud","1",-0.3
"98",2016-02-29,"bud","1",-0.38
"99",2016-03-31,"bud","1",0.36
"100",2016-04-30,"bud","1",-0.07
"101",2016-05-31,"bud","1",-0.31
"102",2016-06-30,"bud","1",0.51
"103",2016-07-31,"bud","1",-0.1
"104",2016-08-31,"bud","1",0.06
"105",2016-09-30,"bud","1",-0.02
"106",2016-10-31,"bud","1",0
"107",2016-11-30,"bud","1",-0.14
"108",2016-12-31,"bud","1",0.71
"109",2017-01-31,"bud","1",-0.47
"110",2017-02-28,"bud","1",-0.21
"111",2017-03-31,"bud","1",0.27
"112",2017-04-30,"bud","1",-0.17
"113",2017-05-31,"bud","1",-0.06
"114",2017-06-30,"bud","1",0.19
"115",2017-07-31,"bud","1",-0.03
"116",2017-08-31,"bud","1",-0.01
"117",2017-09-30,"bud","1",0.1
"118",2017-10-31,"bud","1",-0.04
"119",2017-11-30,"bud","1",-0.15
"120",2017-12-31,"bud","1",0.39
"121",2018-01-31,"bud","1",-0.25
"122",2018-02-28,"bud","1",-0.06
"123",2018-03-31,"bud","1",0.23
"124",2018-04-30,"bud","1",-0.06
"125",2018-05-31,"bud","1",-0.05
"126",2018-06-30,"bud","1",0.21
"127",2018-07-31,"bud","1",0.09
"128",2018-08-31,"bud","1",-0.08
"129",2018-09-30,"bud","1",0.02
"130",2018-10-31,"bud","1",0.03
"131",2018-11-30,"bud","1",-0.09
"132",2018-12-31,"bud","1",0.19
"133",2019-01-31,"bud","1",-0.3
"134",2019-02-28,"bud","1",-0.09
"135",2019-03-31,"bud","1",0.25
"136",2019-04-30,"bud","1",0.01
"137",2019-05-31,"bud","1",-0.16
"138",2019-06-30,"bud","1",0.11
"139",2019-07-31,"bud","1",0.13
"140",2019-08-31,"bud","1",-0.07
"141",2019-09-30,"bud","1",0
"142",2019-10-31,"bud","1",-0.08
"143",2019-11-30,"bud","1",-0.19
"144",2019-12-31,"bud","1",0.47
"145",2020-01-31,"bud","1",-0.33
"146",2020-02-29,"bud","1",-0.21
"147",2020-03-31,"bud","1",0.42
"148",2020-04-30,"bud","1",0.17
"149",2020-05-31,"bud","1",-0.94
"150",2020-06-30,"bud","1",0.3
"151",2020-07-31,"bud","1",0.09
"152",2020-08-31,"bud","1",-0.01
"153",2020-09-30,"bud","1",0.17
"154",2020-10-31,"bud","1",0.23
"155",2020-11-30,"bud","1",-0.33
"156",2020-12-31,"bud","1",0.45
"157",2021-01-31,"bud","1",-0.37
"158",2021-02-28,"bud","1",-0.18
"159",2021-03-31,"bud","1",0.71
"160",2021-04-30,"bud","1",-0.15
"161",2021-05-31,"bud","1",-0.18
"162",2021-06-30,"bud","1",0.06
"163",2021-07-31,"bud","1",0.2
"164",2021-08-31,"bud","1",-0.15
"165",2021-09-30,"bud","1",0.08
"166",2021-10-31,"bud","1",0.12
"167",2021-11-30,"bud","1",-0.22
"168",2021-12-31,"bud","1",0.35
"169",2022-01-31,"bud","1",-0.31
"170",2022-02-28,"bud","1",0.01
"171",2022-03-31,"bud","1",0.33
"172",2022-04-30,"bud","1",-0.03
"173",2022-05-31,"bud","1",-0.36
"174",2022-06-30,"bud","1",-0.02
"175",2022-07-31,"bud","1",-0.12
"176",2022-08-31,"bud","1",0.04
"177",2022-09-30,"bud","1",0.15
"178",2022-10-31,"bud","1",0.12
"179",2022-11-30,"bud","1",0.1
"180",2022-12-31,"bud","1",0.14
"181",2023-01-31,"bud","1",-0.81
"182",2023-02-28,"bud","1",0.29
"183",2023-03-31,"bud","1",0.33
"184",2023-04-30,"bud","1",-0.18
"185",2023-05-31,"bud","1",-0.04
"186",2023-06-30,"bud","1",0.23
"187",2023-07-31,"bud","1",-0.18
"188",2023-08-31,"bud","1",0.14
"189",2023-09-30,"bud","1",0.11
"190",2023-10-31,"bud","1",0.21
"191",2023-11-30,"bud","1",-0.17
"192",2023-12-31,"bud","1",0.11
"193",2008-01-31,"ngz","2",-0.03
"194",2008-02-29,"ngz","2",0.2
"195",2008-03-31,"ngz","2",-0.12
"196",2008-04-30,"ngz","2",0.05
"197",2008-05-31,"ngz","2",0.06
"198",2008-06-30,"ngz","2",0.06
"199",2008-07-31,"ngz","2",0.15
"200",2008-08-31,"ngz","2",-0.05
"201",2008-09-30,"ngz","2",0.01
"202",2008-10-31,"ngz","2",-0.06
"203",2008-11-30,"ngz","2",-0.31
"204",2008-12-31,"ngz","2",-0.22
"205",2009-01-31,"ngz","2",-0.31
"206",2009-02-28,"ngz","2",-0.08
"207",2009-03-31,"ngz","2",0
"208",2009-04-30,"ngz","2",0.02
"209",2009-05-31,"ngz","2",0.04
"210",2009-06-30,"ngz","2",0.13
"211",2009-07-31,"ngz","2",0.31
"212",2009-08-31,"ngz","2",0.13
"213",2009-09-30,"ngz","2",0.15
"214",2009-10-31,"ngz","2",-0.2
"215",2009-11-30,"ngz","2",0.03
"216",2009-12-31,"ngz","2",0.24
"217",2010-01-31,"ngz","2",-0.27
"218",2010-02-28,"ngz","2",0.02
"219",2010-03-31,"ngz","2",-0.06
"220",2010-04-30,"ngz","2",-0.04
"221",2010-05-31,"ngz","2",0.16
"222",2010-06-30,"ngz","2",0.01
"223",2010-07-31,"ngz","2",-0.02
"224",2010-08-31,"ngz","2",0
"225",2010-09-30,"ngz","2",-0.02
"226",2010-10-31,"ngz","2",0.04
"227",2010-11-30,"ngz","2",0.09
"228",2010-12-31,"ngz","2",0.21
"229",2011-01-31,"ngz","2",-0.19
"230",2011-02-28,"ngz","2",-0.05
"231",2011-03-31,"ngz","2",0.27
"232",2011-04-30,"ngz","2",0.01
"233",2011-05-31,"ngz","2",0.09
"234",2011-06-30,"ngz","2",-0.03
"235",2011-07-31,"ngz","2",0.01
"236",2011-08-31,"ngz","2",0.02
"237",2011-09-30,"ngz","2",-0.02
"238",2011-10-31,"ngz","2",0.13
"239",2011-11-30,"ngz","2",-0.04
"240",2011-12-31,"ngz","2",0.11
"241",2012-01-31,"ngz","2",-0.09
"242",2012-02-29,"ngz","2",-0.09
"243",2012-03-31,"ngz","2",0.09
"244",2012-04-30,"ngz","2",0.06
"245",2012-05-31,"ngz","2",0.04
"246",2012-06-30,"ngz","2",-0.08
"247",2012-07-31,"ngz","2",-0.06
"248",2012-08-31,"ngz","2",-0.04
"249",2012-09-30,"ngz","2",0.05
"250",2012-10-31,"ngz","2",0.04
"251",2012-11-30,"ngz","2",0.05
"252",2012-12-31,"ngz","2",0.08
"253",2013-01-31,"ngz","2",-0.27
"254",2013-02-28,"ngz","2",0.09
"255",2013-03-31,"ngz","2",0.03
"256",2013-04-30,"ngz","2",0.1
"257",2013-05-31,"ngz","2",-0.11
"258",2013-06-30,"ngz","2",-0.07
"259",2013-07-31,"ngz","2",0.1
"260",2013-08-31,"ngz","2",0.02
"261",2013-09-30,"ngz","2",0.09
"262",2013-10-31,"ngz","2",-0.01
"263",2013-11-30,"ngz","2",-0.01
"264",2013-12-31,"ngz","2",0.02
"265",2014-01-31,"ngz","2",0.04
"266",2014-02-28,"ngz","2",0.01
"267",2014-03-31,"ngz","2",-0.04
"268",2014-04-30,"ngz","2",0.15
"269",2014-05-31,"ngz","2",-0.09
"270",2014-06-30,"ngz","2",-0.13
"271",2014-07-31,"ngz","2",0.1
"272",2014-08-31,"ngz","2",-0.06
"273",2014-09-30,"ngz","2",0.06
"274",2014-10-31,"ngz","2",0.02
"275",2014-11-30,"ngz","2",-0.02
"276",2014-12-31,"ngz","2",0.17
"277",2015-01-31,"ngz","2",-0.32
"278",2015-02-28,"ngz","2",0.01
"279",2015-03-31,"ngz","2",-0.05
"280",2015-04-30,"ngz","2",-0.05
"281",2015-05-31,"ngz","2",-0.04
"282",2015-06-30,"ngz","2",0.11
"283",2015-07-31,"ngz","2",0.05
"284",2015-08-31,"ngz","2",0
"285",2015-09-30,"ngz","2",-0.1
"286",2015-10-31,"ngz","2",-0.04
"287",2015-11-30,"ngz","2",-0.04
"288",2015-12-31,"ngz","2",0.03
"289",2016-01-31,"ngz","2",-0.2
"290",2016-02-29,"ngz","2",-0.16
"291",2016-03-31,"ngz","2",-0.04
"292",2016-04-30,"ngz","2",0.07
"293",2016-05-31,"ngz","2",0.11
"294",2016-06-30,"ngz","2",0.15
"295",2016-07-31,"ngz","2",0.05
"296",2016-08-31,"ngz","2",-0.01
"297",2016-09-30,"ngz","2",-0.03
"298",2016-10-31,"ngz","2",0.02
"299",2016-11-30,"ngz","2",0.13
"300",2016-12-31,"ngz","2",0
"301",2017-01-31,"ngz","2",-0.02
"302",2017-02-28,"ngz","2",0.09
"303",2017-03-31,"ngz","2",-0.05
"304",2017-04-30,"ngz","2",-0.1
"305",2017-05-31,"ngz","2",0.02
"306",2017-06-30,"ngz","2",-0.04
"307",2017-07-31,"ngz","2",-0.08
"308",2017-08-31,"ngz","2",0.08
"309",2017-09-30,"ngz","2",0.09
"310",2017-10-31,"ngz","2",0.05
"311",2017-11-30,"ngz","2",0.09
"312",2017-12-31,"ngz","2",0.11
"313",2018-01-31,"ngz","2",0.04
"314",2018-02-28,"ngz","2",-0.05
"315",2018-03-31,"ngz","2",-0.1
"316",2018-04-30,"ngz","2",0.1
"317",2018-05-31,"ngz","2",0.08
"318",2018-06-30,"ngz","2",0.1
"319",2018-07-31,"ngz","2",-0.01
"320",2018-08-31,"ngz","2",0.09
"321",2018-09-30,"ngz","2",-0.02
"322",2018-10-31,"ngz","2",0.14
"323",2018-11-30,"ngz","2",0.04
"324",2018-12-31,"ngz","2",-0.14
"325",2019-01-31,"ngz","2",-0.21
"326",2019-02-28,"ngz","2",0.01
"327",2019-03-31,"ngz","2",-0.09
"328",2019-04-30,"ngz","2",0.15
"329",2019-05-31,"ngz","2",-0.04
"330",2019-06-30,"ngz","2",0.01
"331",2019-07-31,"ngz","2",-0.06
"332",2019-08-31,"ngz","2",-0.06
"333",2019-09-30,"ngz","2",-0.04
"334",2019-10-31,"ngz","2",0.11
"335",2019-11-30,"ngz","2",-0.13
"336",2019-12-31,"ngz","2",0.11
"337",2020-01-31,"ngz","2",-0.07
"338",2020-02-29,"ngz","2",-0.01
"339",2020-03-31,"ngz","2",-0.08
"340",2020-04-30,"ngz","2",-0.26
"341",2020-05-31,"ngz","2",-0.71
"342",2020-06-30,"ngz","2",0.05
"343",2020-07-31,"ngz","2",0.42
"344",2020-08-31,"ngz","2",0.17
"345",2020-09-30,"ngz","2",0.1
"346",2020-10-31,"ngz","2",0.06
"347",2020-11-30,"ngz","2",-0.04
"348",2020-12-31,"ngz","2",0
"349",2021-01-31,"ngz","2",0.08
"350",2021-02-28,"ngz","2",0.1
"351",2021-03-31,"ngz","2",0.07
"352",2021-04-30,"ngz","2",0.43
"353",2021-05-31,"ngz","2",-0.37
"354",2021-06-30,"ngz","2",0.05
"355",2021-07-31,"ngz","2",0.43
"356",2021-08-31,"ngz","2",-0.36
"357",2021-09-30,"ngz","2",0.03
"358",2021-10-31,"ngz","2",0.43
"359",2021-11-30,"ngz","2",-0.22
"360",2021-12-31,"ngz","2",-0.01
"361",2022-01-31,"ngz","2",-0.1
"362",2022-02-28,"ngz","2",0.2
"363",2022-03-31,"ngz","2",0.22
"364",2022-04-30,"ngz","2",0.41
"365",2022-05-31,"ngz","2",-0.73
"366",2022-06-30,"ngz","2",-0.19
"367",2022-07-31,"ngz","2",0.08
"368",2022-08-31,"ngz","2",-0.15
"369",2022-09-30,"ngz","2",0.03
"370",2022-10-31,"ngz","2",0.62
"371",2022-11-30,"ngz","2",-0.39
"372",2022-12-31,"ngz","2",0.07
"373",2023-01-31,"ngz","2",-0.78
"374",2023-02-28,"ngz","2",0.2
"375",2023-03-31,"ngz","2",0.28
"376",2023-04-30,"ngz","2",-0.06
"377",2023-05-31,"ngz","2",-0.13
"378",2023-06-30,"ngz","2",-0.08
"379",2023-07-31,"ngz","2",0.43
"380",2023-08-31,"ngz","2",-0.23
"381",2023-09-30,"ngz","2",0.14
"382",2023-10-31,"ngz","2",0.79
"383",2023-11-30,"ngz","2",-0.48
"384",2023-12-31,"ngz","2",-0.53
"385",2008-01-31,"vnt","3",0.24
"386",2008-02-29,"vnt","3",-2.93
"387",2008-03-31,"vnt","3",1.69
"388",2008-04-30,"vnt","3",2.04
"389",2008-05-31,"vnt","3",-2.24
"390",2008-06-30,"vnt","3",-0.54
"391",2008-07-31,"vnt","3",2.88
"392",2008-08-31,"vnt","3",-2.52
"393",2008-09-30,"vnt","3",0.16
"394",2008-10-31,"vnt","3",1.61
"395",2008-11-30,"vnt","3",-1.46
"396",2008-12-31,"vnt","3",0.25
"397",2009-01-31,"vnt","3",0.89
"398",2009-02-28,"vnt","3",-0.54
"399",2009-03-31,"vnt","3",0.33
"400",2009-04-30,"vnt","3",-0.35
"401",2009-05-31,"vnt","3",-0.32
"402",2009-06-30,"vnt","3",0.11
"403",2009-07-31,"vnt","3",0.46
"404",2009-08-31,"vnt","3",-0.18
"405",2009-09-30,"vnt","3",0.15
"406",2009-10-31,"vnt","3",0.04
"407",2009-11-30,"vnt","3",-0.33
"408",2009-12-31,"vnt","3",0.24
"409",2010-01-31,"vnt","3",0.46
"410",2010-02-28,"vnt","3",-0.53
"411",2010-03-31,"vnt","3",0.36
"412",2010-04-30,"vnt","3",-0.23
"413",2010-05-31,"vnt","3",-0.45
"414",2010-06-30,"vnt","3",0.37
"415",2010-07-31,"vnt","3",0.16
"416",2010-08-31,"vnt","3",-0.29
"417",2010-09-30,"vnt","3",0.49
"418",2010-10-31,"vnt","3",-0.01
"419",2010-11-30,"vnt","3",-0.6
"420",2010-12-31,"vnt","3",0.62
"421",2011-01-31,"vnt","3",0.16
"422",2011-02-28,"vnt","3",-0.59
"423",2011-03-31,"vnt","3",0.61
"424",2011-04-30,"vnt","3",0.06
"425",2011-05-31,"vnt","3",-0.42
"426",2011-06-30,"vnt","3",0.42
"427",2011-07-31,"vnt","3",-0.11
"428",2011-08-31,"vnt","3",-0.15
"429",2011-09-30,"vnt","3",0.28
"430",2011-10-31,"vnt","3",-0.2
"431",2011-11-30,"vnt","3",-0.6
"432",2011-12-31,"vnt","3",0.89
"433",2012-01-31,"vnt","3",-0.18
"434",2012-02-29,"vnt","3",-0.76
"435",2012-03-31,"vnt","3",1.05
"436",2012-04-30,"vnt","3",-0.11
"437",2012-05-31,"vnt","3",-0.39
"438",2012-06-30,"vnt","3",0.45
"439",2012-07-31,"vnt","3",-0.17
"440",2012-08-31,"vnt","3",-0.3
"441",2012-09-30,"vnt","3",0.41
"442",2012-10-31,"vnt","3",-0.11
"443",2012-11-30,"vnt","3",-0.83
"444",2012-12-31,"vnt","3",1.09
"445",2013-01-31,"vnt","3",-0.2
"446",2013-02-28,"vnt","3",-0.78
"447",2013-03-31,"vnt","3",1.02
"448",2013-04-30,"vnt","3",-0.37
"449",2013-05-31,"vnt","3",-0.35
"450",2013-06-30,"vnt","3",0.72
"451",2013-07-31,"vnt","3",-0.36
"452",2013-08-31,"vnt","3",-0.49
"453",2013-09-30,"vnt","3",0.79
"454",2013-10-31,"vnt","3",-0.25
"455",2013-11-30,"vnt","3",-0.37
"456",2013-12-31,"vnt","3",0.6
"457",2014-01-31,"vnt","3",0
"458",2014-02-28,"vnt","3",-0.59
"459",2014-03-31,"vnt","3",0.69
"460",2014-04-30,"vnt","3",-0.09
"461",2014-05-31,"vnt","3",-0.42
"462",2014-06-30,"vnt","3",0.52
"463",2014-07-31,"vnt","3",-0.31
"464",2014-08-31,"vnt","3",-0.31
"465",2014-09-30,"vnt","3",0.72
"466",2014-10-31,"vnt","3",-0.45
"467",2014-11-30,"vnt","3",-0.33
"468",2014-12-31,"vnt","3",0.77
"469",2015-01-31,"vnt","3",-0.13
"470",2015-02-28,"vnt","3",-0.56
"471",2015-03-31,"vnt","3",0.86
"472",2015-04-30,"vnt","3",-0.07
"473",2015-05-31,"vnt","3",-0.91
"474",2015-06-30,"vnt","3",0.79
"475",2015-07-31,"vnt","3",-0.09
"476",2015-08-31,"vnt","3",-0.64
"477",2015-09-30,"vnt","3",0.8
"478",2015-10-31,"vnt","3",-0.14
"479",2015-11-30,"vnt","3",-1.48
"480",2015-12-31,"vnt","3",1.62
"481",2016-01-31,"vnt","3",0.17
"482",2016-02-29,"vnt","3",-1.2
"483",2016-03-31,"vnt","3",1.16
"484",2016-04-30,"vnt","3",-0.16
"485",2016-05-31,"vnt","3",-1.18
"486",2016-06-30,"vnt","3",1.26
"487",2016-07-31,"vnt","3",-0.16
"488",2016-08-31,"vnt","3",-0.37
"489",2016-09-30,"vnt","3",0.56
"490",2016-10-31,"vnt","3",0.03
"491",2016-11-30,"vnt","3",-1.18
"492",2016-12-31,"vnt","3",1.1
"493",2017-01-31,"vnt","3",0.37
"494",2017-02-28,"vnt","3",-1.03
"495",2017-03-31,"vnt","3",0.97
"496",2017-04-30,"vnt","3",-0.27
"497",2017-05-31,"vnt","3",-0.52
"498",2017-06-30,"vnt","3",0.66
"499",2017-07-31,"vnt","3",-0.1
"500",2017-08-31,"vnt","3",-0.47
"501",2017-09-30,"vnt","3",0.73
"502",2017-10-31,"vnt","3",-0.21
"503",2017-11-30,"vnt","3",-0.72
"504",2017-12-31,"vnt","3",0.88
"505",2018-01-31,"vnt","3",-0.23
"506",2018-02-28,"vnt","3",-0.4
"507",2018-03-31,"vnt","3",0.85
"508",2018-04-30,"vnt","3",-0.35
"509",2018-05-31,"vnt","3",-0.29
"510",2018-06-30,"vnt","3",0.43
"511",2018-07-31,"vnt","3",0.1
"512",2018-08-31,"vnt","3",-0.66
"513",2018-09-30,"vnt","3",0.67
"514",2018-10-31,"vnt","3",-0.16
"515",2018-11-30,"vnt","3",-0.55
"516",2018-12-31,"vnt","3",0.7
"517",2019-01-31,"vnt","3",-0.17
"518",2019-02-28,"vnt","3",-0.63
"519",2019-03-31,"vnt","3",1.04
"520",2019-04-30,"vnt","3",-0.24
"521",2019-05-31,"vnt","3",-0.48
"522",2019-06-30,"vnt","3",0.53
"523",2019-07-31,"vnt","3",0.04
"524",2019-08-31,"vnt","3",-0.52
"525",2019-09-30,"vnt","3",0.67
"526",2019-10-31,"vnt","3",-0.39
"527",2019-11-30,"vnt","3",-0.57
"528",2019-12-31,"vnt","3",1.07
"529",2020-01-31,"vnt","3",-0.49
"530",2020-02-29,"vnt","3",-0.63
"531",2020-03-31,"vnt","3",1.17
"532",2020-04-30,"vnt","3",-0.7
"533",2020-05-31,"vnt","3",-0.19
"534",2020-06-30,"vnt","3",0.52
"535",2020-07-31,"vnt","3",-0.1
"536",2020-08-31,"vnt","3",-0.52
"537",2020-09-30,"vnt","3",0.61
"538",2020-10-31,"vnt","3",0.05
"539",2020-11-30,"vnt","3",-0.6
"540",2020-12-31,"vnt","3",0.82
"541",2021-01-31,"vnt","3",-0.23
"542",2021-02-28,"vnt","3",-0.54
"543",2021-03-31,"vnt","3",0.95
"544",2021-04-30,"vnt","3",-0.28
"545",2021-05-31,"vnt","3",-0.45
"546",2021-06-30,"vnt","3",0.52
"547",2021-07-31,"vnt","3",0
"548",2021-08-31,"vnt","3",-0.53
"549",2021-09-30,"vnt","3",0.64
"550",2021-10-31,"vnt","3",-0.41
"551",2021-11-30,"vnt","3",-0.1
"552",2021-12-31,"vnt","3",0.71
"553",2022-01-31,"vnt","3",-0.2
"554",2022-02-28,"vnt","3",-0.7
"555",2022-03-31,"vnt","3",1.06
"556",2022-04-30,"vnt","3",-0.73
"557",2022-05-31,"vnt","3",0.2
"558",2022-06-30,"vnt","3",0.32
"559",2022-07-31,"vnt","3",-0.66
"560",2022-08-31,"vnt","3",0.24
"561",2022-09-30,"vnt","3",0.48
"562",2022-10-31,"vnt","3",-0.34
"563",2022-11-30,"vnt","3",-0.03
"564",2022-12-31,"vnt","3",0.45
"565",2023-01-31,"vnt","3",-0.93
"566",2023-02-28,"vnt","3",0.65
"567",2023-03-31,"vnt","3",0.29
"568",2023-04-30,"vnt","3",-0.42
"569",2023-05-31,"vnt","3",0.04
"570",2023-06-30,"vnt","3",0.33
"571",2023-07-31,"vnt","3",-0.51
"572",2023-08-31,"vnt","3",0.21
"573",2023-09-30,"vnt","3",0.39
"574",2023-10-31,"vnt","3",-0.58
"575",2023-11-30,"vnt","3",0.15
"576",2023-12-31,"vnt","3",0.52
"577",2008-01-31,"imp","4",-0.53
"578",2008-02-29,"imp","4",0.31
"579",2008-03-31,"imp","4",0.11
"580",2008-04-30,"imp","4",0.12
"581",2008-05-31,"imp","4",-0.02
"582",2008-06-30,"imp","4",-0.01
"583",2008-07-31,"imp","4",0.16
"584",2008-08-31,"imp","4",-0.09
"585",2008-09-30,"imp","4",0.07
"586",2008-10-31,"imp","4",0.05
"587",2008-11-30,"imp","4",-0.27
"588",2008-12-31,"imp","4",0.19
"589",2009-01-31,"imp","4",-0.89
"590",2009-02-28,"imp","4",0.47
"591",2009-03-31,"imp","4",0.13
"592",2009-04-30,"imp","4",-0.1
"593",2009-05-31,"imp","4",-0.11
"594",2009-06-30,"imp","4",0.05
"595",2009-07-31,"imp","4",0.07
"596",2009-08-31,"imp","4",-0.05
"597",2009-09-30,"imp","4",0.13
"598",2009-10-31,"imp","4",0.02
"599",2009-11-30,"imp","4",-0.01
"600",2009-12-31,"imp","4",0.2
"601",2010-01-31,"imp","4",-0.73
"602",2010-02-28,"imp","4",0.37
"603",2010-03-31,"imp","4",0.22
"604",2010-04-30,"imp","4",-0.01
"605",2010-05-31,"imp","4",0.06
"606",2010-06-30,"imp","4",0.08
"607",2010-07-31,"imp","4",0.01
"608",2010-08-31,"imp","4",0.12
"609",2010-09-30,"imp","4",-0.33
"610",2010-10-31,"imp","4",-0.05
"611",2010-11-30,"imp","4",0.08
"612",2010-12-31,"imp","4",0.09
"613",2011-01-31,"imp","4",-0.31
"614",2011-02-28,"imp","4",0.4
"615",2011-03-31,"imp","4",0.25
"616",2011-04-30,"imp","4",-0.05
"617",2011-05-31,"imp","4",0.01
"618",2011-06-30,"imp","4",-0.03
"619",2011-07-31,"imp","4",0.01
"620",2011-08-31,"imp","4",0.13
"621",2011-09-30,"imp","4",-0.02
"622",2011-10-31,"imp","4",0.05
"623",2011-11-30,"imp","4",0.08
"624",2011-12-31,"imp","4",0.01
"625",2012-01-31,"imp","4",-0.52
"626",2012-02-29,"imp","4",0.25
"627",2012-03-31,"imp","4",0.12
"628",2012-04-30,"imp","4",-0.06
"629",2012-05-31,"imp","4",0.11
"630",2012-06-30,"imp","4",0.01
"631",2012-07-31,"imp","4",0.07
"632",2012-08-31,"imp","4",0.03
"633",2012-09-30,"imp","4",-0.2
"634",2012-10-31,"imp","4",0.14
"635",2012-11-30,"imp","4",-0.05
"636",2012-12-31,"imp","4",0.03
"637",2013-01-31,"imp","4",-0.43
"638",2013-02-28,"imp","4",0.25
"639",2013-03-31,"imp","4",0.07
"640",2013-04-30,"imp","4",0.09
"641",2013-05-31,"imp","4",-0.11
"642",2013-06-30,"imp","4",0.01
"643",2013-07-31,"imp","4",0.14
"644",2013-08-31,"imp","4",-0.06
"645",2013-09-30,"imp","4",-0.02
"646",2013-10-31,"imp","4",0.08
"647",2013-11-30,"imp","4",-0.07
"648",2013-12-31,"imp","4",0.11
"649",2014-01-31,"imp","4",-0.44
"650",2014-02-28,"imp","4",0.24
"651",2014-03-31,"imp","4",0.08
"652",2014-04-30,"imp","4",0.07
"653",2014-05-31,"imp","4",-0.11
"654",2014-06-30,"imp","4",-0.04
"655",2014-07-31,"imp","4",0.13
"656",2014-08-31,"imp","4",-0.11
"657",2014-09-30,"imp","4",0.09
"658",2014-10-31,"imp","4",0.09
"659",2014-11-30,"imp","4",-0.1
"660",2014-12-31,"imp","4",0.34
"661",2015-01-31,"imp","4",-0.69
"662",2015-02-28,"imp","4",0.3
"663",2015-03-31,"imp","4",0.08
"664",2015-04-30,"imp","4",-0.16
"665",2015-05-31,"imp","4",-0.18
"666",2015-06-30,"imp","4",0.22
"667",2015-07-31,"imp","4",0.09
"668",2015-08-31,"imp","4",0.03
"669",2015-09-30,"imp","4",0.09
"670",2015-10-31,"imp","4",-0.07
"671",2015-11-30,"imp","4",-0.04
"672",2015-12-31,"imp","4",0.23
"673",2016-01-31,"imp","4",-0.58
"674",2016-02-29,"imp","4",0.3
"675",2016-03-31,"imp","4",0.16
"676",2016-04-30,"imp","4",-0.14
"677",2016-05-31,"imp","4",-0.04
"678",2016-06-30,"imp","4",0.06
"679",2016-07-31,"imp","4",-0.02
"680",2016-08-31,"imp","4",0.11
"681",2016-09-30,"imp","4",-0.02
"682",2016-10-31,"imp","4",-0.03
"683",2016-11-30,"imp","4",0.07
"684",2016-12-31,"imp","4",0.09
"685",2017-01-31,"imp","4",-0.54
"686",2017-02-28,"imp","4",0.18
"687",2017-03-31,"imp","4",0.25
"688",2017-04-30,"imp","4",-0.16
"689",2017-05-31,"imp","4",0.12
"690",2017-06-30,"imp","4",0.06
"691",2017-07-31,"imp","4",0.02
"692",2017-08-31,"imp","4",0.09
"693",2017-09-30,"imp","4",-0.09
"694",2017-10-31,"imp","4",0.05
"695",2017-11-30,"imp","4",0.05
"696",2017-12-31,"imp","4",0.05
"697",2018-01-31,"imp","4",-0.4
"698",2018-02-28,"imp","4",0.18
"699",2018-03-31,"imp","4",0.13
"700",2018-04-30,"imp","4",-0.01
"701",2018-05-31,"imp","4",0.09
"702",2018-06-30,"imp","4",-0.03
"703",2018-07-31,"imp","4",0.04
"704",2018-08-31,"imp","4",0.06
"705",2018-09-30,"imp","4",-0.08
"706",2018-10-31,"imp","4",0.11
"707",2018-11-30,"imp","4",-0.02
"708",2018-12-31,"imp","4",0.09
"709",2019-01-31,"imp","4",-0.37
"710",2019-02-28,"imp","4",0.18
"711",2019-03-31,"imp","4",0.07
"712",2019-04-30,"imp","4",0.07
"713",2019-05-31,"imp","4",-0.05
"714",2019-06-30,"imp","4",-0.06
"715",2019-07-31,"imp","4",0.15
"716",2019-08-31,"imp","4",-0.02
"717",2019-09-30,"imp","4",-0.06
"718",2019-10-31,"imp","4",0.14
"719",2019-11-30,"imp","4",-0.06
"720",2019-12-31,"imp","4",0.13
"721",2020-01-31,"imp","4",-0.52
"722",2020-02-29,"imp","4",0.14
"723",2020-03-31,"imp","4",0.26
"724",2020-04-30,"imp","4",-0.16
"725",2020-05-31,"imp","4",-0.1
"726",2020-06-30,"imp","4",0.1
"727",2020-07-31,"imp","4",0.11
"728",2020-08-31,"imp","4",-0.02
"729",2020-09-30,"imp","4",0.14
"730",2020-10-31,"imp","4",0.06
"731",2020-11-30,"imp","4",0.02
"732",2020-12-31,"imp","4",0.16
"733",2021-01-31,"imp","4",-0.59
"734",2021-02-28,"imp","4",0.28
"735",2021-03-31,"imp","4",0.27
"736",2021-04-30,"imp","4",0
"737",2021-05-31,"imp","4",-0.12
"738",2021-06-30,"imp","4",0.07
"739",2021-07-31,"imp","4",0.01
"740",2021-08-31,"imp","4",-0.09
"741",2021-09-30,"imp","4",0.23
"742",2021-10-31,"imp","4",-0.07
"743",2021-11-30,"imp","4",-0.03
"744",2021-12-31,"imp","4",0.16
"745",2022-01-31,"imp","4",-0.33
"746",2022-02-28,"imp","4",0.18
"747",2022-03-31,"imp","4",-0.01
"748",2022-04-30,"imp","4",-0.48
"749",2022-05-31,"imp","4",-0.18
"750",2022-06-30,"imp","4",0.01
"751",2022-07-31,"imp","4",0.04
"752",2022-08-31,"imp","4",0.2
"753",2022-09-30,"imp","4",0.03
"754",2022-10-31,"imp","4",0.03
"755",2022-11-30,"imp","4",0.12
"756",2022-12-31,"imp","4",0.2
"757",2023-01-31,"imp","4",-0.16
"758",2023-02-28,"imp","4",0
"759",2023-03-31,"imp","4",0.26
"760",2023-04-30,"imp","4",-0.08
"761",2023-05-31,"imp","4",0.13
"762",2023-06-30,"imp","4",-0.01
"763",2023-07-31,"imp","4",0.02
"764",2023-08-31,"imp","4",0.18
"765",2023-09-30,"imp","4",-0.13
"766",2023-10-31,"imp","4",0.04
"767",2023-11-30,"imp","4",-0.02
"768",2023-12-31,"imp","4",0.01
"769",2008-01-31,"oth","5",-1.14
"770",2008-02-29,"oth","5",0.43
"771",2008-03-31,"oth","5",-0.43
"772",2008-04-30,"oth","5",0.25
"773",2008-05-31,"oth","5",0
"774",2008-06-30,"oth","5",-0.06
"775",2008-07-31,"oth","5",0.31
"776",2008-08-31,"oth","5",-0.39
"777",2008-09-30,"oth","5",0.02
"778",2008-10-31,"oth","5",-0.03
"779",2008-11-30,"oth","5",-0.24
"780",2008-12-31,"oth","5",0.56
"781",2009-01-31,"oth","5",1.01
"782",2009-02-28,"oth","5",-1.62
"783",2009-03-31,"oth","5",0.09
"784",2009-04-30,"oth","5",0.33
"785",2009-05-31,"oth","5",-0.42
"786",2009-06-30,"oth","5",0.73
"787",2009-07-31,"oth","5",-0.22
"788",2009-08-31,"oth","5",1.02
"789",2009-09-30,"oth","5",-0.74
"790",2009-10-31,"oth","5",-0.24
"791",2009-11-30,"oth","5",0.12
"792",2009-12-31,"oth","5",0.55
"793",2010-01-31,"oth","5",-0.27
"794",2010-02-28,"oth","5",-1.27
"795",2010-03-31,"oth","5",0.32
"796",2010-04-30,"oth","5",0.67
"797",2010-05-31,"oth","5",-1.29
"798",2010-06-30,"oth","5",1.77
"799",2010-07-31,"oth","5",-1.41
"800",2010-08-31,"oth","5",-0.04
"801",2010-09-30,"oth","5",0.71
"802",2010-10-31,"oth","5",0.01
"803",2010-11-30,"oth","5",0.31
"804",2010-12-31,"oth","5",-0.1
"805",2011-01-31,"oth","5",0.09
"806",2011-02-28,"oth","5",-0.34
"807",2011-03-31,"oth","5",-0.96
"808",2011-04-30,"oth","5",0.87
"809",2011-05-31,"oth","5",-0.8
"810",2011-06-30,"oth","5",1.74
"811",2011-07-31,"oth","5",-1.26
"812",2011-08-31,"oth","5",0.6
"813",2011-09-30,"oth","5",-0.4
"814",2011-10-31,"oth","5",0.02
"815",2011-11-30,"oth","5",-0.17
"816",2011-12-31,"oth","5",0.68
"817",2012-01-31,"oth","5",0.29
"818",2012-02-29,"oth","5",-1.4
"819",2012-03-31,"oth","5",0.65
"820",2012-04-30,"oth","5",0.03
"821",2012-05-31,"oth","5",-0.45
"822",2012-06-30,"oth","5",0.49
"823",2012-07-31,"oth","5",-0.19
"824",2012-08-31,"oth","5",1.01
"825",2012-09-30,"oth","5",-1.15
"826",2012-10-31,"oth","5",0.15
"827",2012-11-30,"oth","5",-0.05
"828",2012-12-31,"oth","5",1.5
"829",2013-01-31,"oth","5",-0.29
"830",2013-02-28,"oth","5",-1.08
"831",2013-03-31,"oth","5",0.07
"832",2013-04-30,"oth","5",0.17
"833",2013-05-31,"oth","5",-1.49
"834",2013-06-30,"oth","5",1.84
"835",2013-07-31,"oth","5",-0.45
"836",2013-08-31,"oth","5",0.74
"837",2013-09-30,"oth","5",-0.79
"838",2013-10-31,"oth","5",0.07
"839",2013-11-30,"oth","5",-0.32
"840",2013-12-31,"oth","5",0.74
"841",2014-01-31,"oth","5",0.61
"842",2014-02-28,"oth","5",-1.29
"843",2014-03-31,"oth","5",-0.76
"844",2014-04-30,"oth","5",-0.15
"845",2014-05-31,"oth","5",1.27
"846",2014-06-30,"oth","5",0.47
"847",2014-07-31,"oth","5",-0.86
"848",2014-08-31,"oth","5",1.22
"849",2014-09-30,"oth","5",-1.08
"850",2014-10-31,"oth","5",0.35
"851",2014-11-30,"oth","5",-0.36
"852",2014-12-31,"oth","5",0.81
"853",2015-01-31,"oth","5",0.63
"854",2015-02-28,"oth","5",-1.86
"855",2015-03-31,"oth","5",-0.73
"856",2015-04-30,"oth","5",0.91
"857",2015-05-31,"oth","5",-0.29
"858",2015-06-30,"oth","5",1.5
"859",2015-07-31,"oth","5",-0.6
"860",2015-08-31,"oth","5",0.76
"861",2015-09-30,"oth","5",-0.96
"862",2015-10-31,"oth","5",0.66
"863",2015-11-30,"oth","5",-0.48
"864",2015-12-31,"oth","5",1.22
"865",2016-01-31,"oth","5",-1.11
"866",2016-02-29,"oth","5",-0.27
"867",2016-03-31,"oth","5",0.03
"868",2016-04-30,"oth","5",0.04
"869",2016-05-31,"oth","5",-0.5
"870",2016-06-30,"oth","5",1.12
"871",2016-07-31,"oth","5",-0.51
"872",2016-08-31,"oth","5",0.85
"873",2016-09-30,"oth","5",-1.03
"874",2016-10-31,"oth","5",-0.2
"875",2016-11-30,"oth","5",0.54
"876",2016-12-31,"oth","5",1.86
"877",2017-01-31,"oth","5",-2.46
"878",2017-02-28,"oth","5",0.45
"879",2017-03-31,"oth","5",-0.28
"880",2017-04-30,"oth","5",-0.11
"881",2017-05-31,"oth","5",0.58
"882",2017-06-30,"oth","5",0.06
"883",2017-07-31,"oth","5",0.17
"884",2017-08-31,"oth","5",0.39
"885",2017-09-30,"oth","5",-1.04
"886",2017-10-31,"oth","5",0.12
"887",2017-11-30,"oth","5",-0.17
"888",2017-12-31,"oth","5",1
"889",2018-01-31,"oth","5",-1.58
"890",2018-02-28,"oth","5",0.74
"891",2018-03-31,"oth","5",-0.3
"892",2018-04-30,"oth","5",0.43
"893",2018-05-31,"oth","5",-0.29
"894",2018-06-30,"oth","5",0.63
"895",2018-07-31,"oth","5",0.46
"896",2018-08-31,"oth","5",0.16
"897",2018-09-30,"oth","5",-1.03
"898",2018-10-31,"oth","5",-0.13
"899",2018-11-30,"oth","5",0.11
"900",2018-12-31,"oth","5",0.86
"901",2019-01-31,"oth","5",-1.03
"902",2019-02-28,"oth","5",0.41
"903",2019-03-31,"oth","5",-0.4
"904",2019-04-30,"oth","5",0.44
"905",2019-05-31,"oth","5",0.01
"906",2019-06-30,"oth","5",-0.49
"907",2019-07-31,"oth","5",1.18
"908",2019-08-31,"oth","5",0.43
"909",2019-09-30,"oth","5",-1.21
"910",2019-10-31,"oth","5",-0.11
"911",2019-11-30,"oth","5",0.26
"912",2019-12-31,"oth","5",0.67
"913",2020-01-31,"oth","5",-0.36
"914",2020-02-29,"oth","5",-0.48
"915",2020-03-31,"oth","5",0.15
"916",2020-04-30,"oth","5",1.97
"917",2020-05-31,"oth","5",-2.78
"918",2020-06-30,"oth","5",0.39
"919",2020-07-31,"oth","5",0.12
"920",2020-08-31,"oth","5",0.8
"921",2020-09-30,"oth","5",-0.66
"922",2020-10-31,"oth","5",1.23
"923",2020-11-30,"oth","5",-0.8
"924",2020-12-31,"oth","5",0.87
"925",2021-01-31,"oth","5",-1.21
"926",2021-02-28,"oth","5",-2
"927",2021-03-31,"oth","5",3.43
"928",2021-04-30,"oth","5",-1.29
"929",2021-05-31,"oth","5",0.87
"930",2021-06-30,"oth","5",-1.01
"931",2021-07-31,"oth","5",0.46
"932",2021-08-31,"oth","5",0.85
"933",2021-09-30,"oth","5",-1.01
"934",2021-10-31,"oth","5",0.73
"935",2021-11-30,"oth","5",-0.74
"936",2021-12-31,"oth","5",0.84
"937",2022-01-31,"oth","5",-1.53
"938",2022-02-28,"oth","5",1.13
"939",2022-03-31,"oth","5",-0.89
"940",2022-04-30,"oth","5",0.57
"941",2022-05-31,"oth","5",-0.01
"942",2022-06-30,"oth","5",-1.24
"943",2022-07-31,"oth","5",1.4
"944",2022-08-31,"oth","5",-0.03
"945",2022-09-30,"oth","5",-0.66
"946",2022-10-31,"oth","5",-0.39
"947",2022-11-30,"oth","5",2.15
"948",2022-12-31,"oth","5",-0.22
"949",2023-01-31,"oth","5",-1.45
"950",2023-02-28,"oth","5",-0.44
"951",2023-03-31,"oth","5",1.01
"952",2023-04-30,"oth","5",0.19
"953",2023-05-31,"oth","5",-0.34
"954",2023-06-30,"oth","5",0.85
"955",2023-07-31,"oth","5",-0.88
"956",2023-08-31,"oth","5",0.8
"957",2023-09-30,"oth","5",-0.33
"958",2023-10-31,"oth","5",0.54
"959",2023-11-30,"oth","5",0.01
"960",2023-12-31,"oth","5",0.33
